{
  "project_info": {
    "project_number": "700752067602",
    "project_id": "wagba-539b0",
    "storage_bucket": "wagba-539b0.appspot.com"
  },
  "client": [
    {
      "client_info": {
        "mobilesdk_app_id": "1:700752067602:android:1b9a3112f2184834a6accb",
        "android_client_info": {
          "package_name": "com.example.wagba"
        }
      },
      "oauth_client": [
        {
          "client_id": "700752067602-g38ttjck649cmraft2uvvt18tf2nbm07.apps.googleusercontent.com",
          "client_type": 3
        }
      ],
      "api_key": [
        {
          "current_key": "AIzaSyDZFJRa2voYVdaNaE8rV5qUfw9rBmpP650"
        }
      ],
      "services": {
        "appinvite_service": {
          "other_platform_oauth_client": [
            {
              "client_id": "700752067602-g38ttjck649cmraft2uvvt18tf2nbm07.apps.googleusercontent.com",
              "client_type": 3
            }
          ]
        }
      }
    }
  ],
  "configuration_version": "1"
}